date,equity,bond,gold
1965-01-31,0.0,0.0,0.0
1965-02-28,0.1377,1.3436,0.0
1965-03-31,0.137,1.3518,0.0
1965-04-30,0.1306,1.4241,0.0
1965-05-31,0.1278,1.4406,0.0
1965-06-30,0.1374,1.3955,0.0
1965-07-31,0.0,1.3977,0.0
1965-08-31,0.0477,1.4269,1.43
1965-09-30,0.1394,1.3844,0.0
1965-10-31,0.1415,1.3092,0.0
1965-11-30,0.1325,1.2465,0.0
1965-12-31,0.1607,0.7916,0.0
1966-01-31,0.1545,0.0,0.0
1966-02-28,0.1418,0.0,0.0
1966-03-31,0.1523,0.0,0.0
1966-04-30,0.1009,0.0,0.0
1966-05-31,0.1624,0.2387,0.0
1966-06-30,0.0,0.7288,0.0
1966-07-31,0.0,0.7327,0.0
1966-08-31,0.0,0.0,0.0
1966-09-30,0.0,0.0,0.0
1966-10-31,0.0,0.0,0.0
1966-11-30,0.0,0.5805,0.0
1966-12-31,0.0459,0.567,0.0
1967-01-31,0.0465,0.4589,0.0
1967-02-28,0.1243,0.4085,0.0
1967-03-31,0.1244,0.4083,0.0
1967-04-30,0.1222,0.4059,0.0
1967-05-31,0.1136,0.3854,0.0
1967-06-30,0.1093,0.2438,0.0
1967-07-31,0.1095,0.24,0.0
1967-08-31,0.1015,0.1124,0.0
1967-09-30,0.1018,0.0,0.0
1967-10-31,0.1016,0.0,0.0
1967-11-30,0.0945,0.0,0.0
1967-12-31,0.0901,0.0,2.6209
1968-01-31,0.0816,0.0,2.6573
1968-02-29,0.0908,0.285,1.8728
1968-03-31,0.0,0.5706,1.8751
1968-04-30,0.0,0.3398,1.6559
1968-05-31,0.3392,1.1141,1.5466
1968-06-30,0.4543,0.0,1.0843
1968-07-31,0.4729,1.4348,1.0923
1968-08-31,0.4975,1.4557,1.0467
1968-09-30,0.5024,1.4537,0.6959
1968-10-31,0.5064,1.4725,1.0212
1968-11-30,0.5182,1.4929,0.6592
1968-12-31,0.5132,1.5079,0.9788
1969-01-31,0.5139,0.0,0.9868
1969-02-28,0.5156,0.0,0.9776
1969-03-31,0.0,0.0,0.9661
1969-04-30,0.3353,0.0,0.9676
1969-05-31,0.5037,1.0181,0.9692
1969-06-30,0.5206,0.5046,0.9655
1969-07-31,0.0,0.0,0.0
1969-08-31,0.0,0.0,0.6086
1969-09-30,0.0,0.0,0.0
1969-10-31,0.0,0.0,0.0
1969-11-30,0.1831,0.0,0.0
1969-12-31,0.0,0.0,0.0
1970-01-31,0.0,0.0,0.0
1970-02-28,0.0,0.0,0.0
1970-03-31,0.0,1.5863,0.0
1970-04-30,0.0,1.5711,0.0
1970-05-31,0.0,1.5823,0.2781
1970-06-30,0.0,0.0,0.2837
1970-07-31,0.0,0.0,0.0
1970-08-31,0.0,1.5312,0.0
1970-09-30,0.1941,1.5378,0.0
1970-10-31,0.5876,1.5354,0.8771
1970-11-30,0.5986,1.5552,0.8462
1970-12-31,0.6099,1.5234,0.8667
1971-01-31,0.6167,1.4899,0.8934
1971-02-28,0.6174,1.4896,0.893
1971-03-31,0.6243,1.4876,0.8881
1971-04-30,0.628,1.4626,0.9094
1971-05-31,0.6452,1.4451,0.9097
1971-06-30,0.6416,0.9235,0.9731
1971-07-31,0.6428,0.928,0.9652
1971-08-31,0.4237,0.4636,0.9738
1971-09-30,0.6395,0.9368,0.9554
1971-10-31,0.4374,1.3716,0.9722
1971-11-30,0.0,1.3669,0.9835
1971-12-31,0.0,1.3578,0.985
1972-01-31,0.6279,1.38,0.9921
1972-02-29,0.6409,1.4104,0.9487
1972-03-31,0.6513,1.415,0.9338
1972-04-30,0.6541,1.4148,0.9311
1972-05-31,0.6564,0.9436,0.9282
1972-06-30,0.6872,1.4902,0.8227
1972-07-31,0.7124,1.5323,0.7553
1972-08-31,0.7325,1.5319,0.7355
1972-09-30,0.7331,1.5242,0.7427
1972-10-31,0.7329,0.0,0.7269
1972-11-30,0.7378,1.0211,0.7306
1972-12-31,0.7304,1.5073,0.5082
1973-01-31,0.7065,1.5234,0.5134
1973-02-28,0.738,1.5014,0.7606
1973-03-31,0.4937,1.5849,0.6746
1973-04-30,0.5018,1.0791,0.6286
1973-05-31,0.0,1.6126,0.5984
1973-06-30,0.0,1.0988,0.552
1973-07-31,0.0,1.1035,0.5068
1973-08-31,0.2856,0.0,0.4944
1973-09-30,0.0,0.0,0.4656
1973-10-31,0.5869,1.656,0.3091
1973-11-30,0.5967,1.641,0.3093
1973-12-31,0.0,1.7621,0.1542
1974-01-31,0.0,1.8032,0.4301
1974-02-28,0.0,1.8135,0.3964
1974-03-31,0.0,1.8279,0.3803
1974-04-30,0.0,1.2438,0.3626
1974-05-31,0.0,0.0,0.3674
1974-06-30,0.0,0.0,0.3347
1974-07-31,0.0,0.6456,0.2205
1974-08-31,0.0,0.0,0.2184
1974-09-30,0.0,0.0,0.2198
1974-10-31,0.0,0.0,0.2075
1974-11-30,0.0,2.1937,0.3184
1974-12-31,0.0,2.1867,0.3194
1975-01-31,0.0,2.143,0.327
1975-02-28,0.328,2.1802,0.3278
1975-03-31,0.4873,2.1828,0.3299
1975-04-30,0.4989,2.1628,0.3382
1975-05-31,0.5192,0.7098,0.2342
1975-06-30,0.5206,1.4137,0.1196
1975-07-31,0.5244,2.106,0.0
1975-08-31,0.5185,2.1087,0.0
1975-09-30,0.3524,0.0,0.0
1975-10-31,0.3452,0.0,0.0
1975-11-30,0.5228,2.1103,0.0
1975-12-31,0.5204,2.1151,0.0
1976-01-31,0.5221,2.1142,0.0
1976-02-29,0.5079,2.1217,0.0
1976-03-31,0.5051,2.1182,0.0
1976-04-30,0.5022,2.1104,0.0
1976-05-31,0.5084,2.0999,0.0
1976-06-30,0.514,2.0794,0.0
1976-07-31,0.5068,2.0593,0.0
1976-08-31,0.5047,2.0701,0.0
1976-09-30,0.4987,2.0749,0.0
1976-10-31,0.4926,2.0871,0.0
1976-11-30,0.4843,2.1004,0.0
1976-12-31,0.34,2.0859,0.4041
1977-01-31,0.5251,2.0393,0.4356
1977-02-28,0.3435,1.9922,0.4926
1977-03-31,0.0,1.9509,0.5412
1977-04-30,0.0,1.9508,0.5491
1977-05-31,0.0,1.9651,0.5404
1977-06-30,0.0,1.9591,0.546
1977-07-31,0.4951,1.9521,0.3685
1977-08-31,0.1657,1.9495,0.369
1977-09-30,0.0,1.9336,0.3743
1977-10-31,0.0,1.9053,0.5515
1977-11-30,0.0,1.8538,0.5351
1977-12-31,0.0,1.8077,0.5894
1978-01-31,0.3996,1.818,0.5827
1978-02-28,0.0,0.5955,0.5638
1978-03-31,0.0,0.5938,0.5583
1978-04-30,0.0,0.6038,0.5431
1978-05-31,0.5898,0.6307,0.5181
1978-06-30,0.5972,0.0,0.5183
1978-07-31,0.5982,0.0,0.5078
1978-08-31,0.6076,0.0,0.5026
1978-09-30,0.6054,1.9158,0.4787
1978-10-31,0.6018,1.8769,0.5213
1978-11-30,0.0,1.9206,0.5098
1978-12-31,0.3857,1.9407,0.4807
1979-01-31,0.3874,0.0,0.3241
1979-02-28,0.6252,0.0,0.4598
1979-03-31,0.6216,1.9267,0.4517
1979-04-30,0.6086,1.9413,0.4501
1979-05-31,0.5992,1.9525,0.4483
1979-06-30,0.5783,1.9941,0.4276
1979-07-31,0.6086,1.9486,0.4428
1979-08-31,0.6044,1.9377,0.4579
1979-09-30,0.5845,1.9324,0.4832
1979-10-31,0.5994,1.9687,0.4319
1979-11-30,0.4502,0.0,0.4952
1979-12-31,0.6639,0.0,0.5113
1980-01-31,0.6639,0.0,0.4616
1980-02-29,0.7033,0.0,0.2945
1980-03-31,0.8803,0.0,0.3641
1980-04-30,0.0,0.0,0.3528
1980-05-31,0.6256,0.5548,0.2647
1980-06-30,1.0166,1.5492,0.2894
1980-07-31,1.0306,1.5385,0.4309
1980-08-31,1.02,1.5433,0.4367
1980-09-30,1.0417,1.5174,0.4408
1980-10-31,1.0424,1.0109,0.4413
1980-11-30,1.0573,1.0045,0.436
1980-12-31,1.0339,0.0,0.2977
1981-01-31,1.0304,0.0,0.0
1981-02-28,0.9163,0.0,0.0
1981-03-31,0.9288,0.0,0.0
1981-04-30,0.9286,0.4435,0.0
1981-05-31,0.6328,0.0,0.0
1981-06-30,0.9498,0.0,0.0
1981-07-31,0.9659,1.2924,0.0
1981-08-31,0.656,0.0,0.0
1981-09-30,0.0,0.0,0.0
1981-10-31,0.0,0.0,0.0
1981-11-30,0.0,0.0,0.0
1981-12-31,1.0441,1.193,0.0
1982-01-31,0.3459,1.1981,0.0
1982-02-28,0.3487,1.1878,0.0
1982-03-31,0.0,1.1943,0.0
1982-04-30,0.0,1.1792,0.0
1982-05-31,0.0,1.1838,0.0
1982-06-30,0.0,1.1841,0.0
1982-07-31,0.0,1.1816,0.0
1982-08-31,0.0,1.1793,0.0
1982-09-30,1.0221,1.1944,0.2775
1982-10-31,1.0308,1.1855,0.4164
1982-11-30,1.0246,1.1773,0.4309
1982-12-31,1.0258,1.1769,0.43
1983-01-31,1.0217,1.1737,0.4374
1983-02-28,0.9432,1.0775,0.5672
1983-03-31,0.9146,1.1243,0.549
1983-04-30,0.9572,1.0918,0.3593
1983-05-31,0.923,1.1309,0.3561
1983-06-30,0.8982,1.1721,0.3451
1983-07-31,0.8864,1.1539,0.0
1983-08-31,0.8889,0.3819,0.0
1983-09-30,0.8807,0.0,0.0
1983-10-31,0.8755,0.3866,0.0
1983-11-30,0.8728,1.1635,0.0
1983-12-31,0.8963,1.1593,0.0
1984-01-31,0.8936,1.1431,0.0
1984-02-29,0.8872,1.1133,0.0
1984-03-31,0.0,1.1245,0.0
1984-04-30,0.0,0.743,0.1822
1984-05-31,0.5851,0.0,0.0
1984-06-30,0.0,0.0,0.0
1984-07-31,0.0,0.0,0.0
1984-08-31,0.0,0.0,0.0
1984-09-30,0.8222,1.1526,0.0
1984-10-31,0.8315,1.1389,0.0
1984-11-30,0.8392,1.1326,0.0
1984-12-31,0.7895,1.2112,0.0
1985-01-31,0.7944,1.2155,0.0
1985-02-28,0.6918,1.1387,0.0
1985-03-31,0.7135,1.1218,0.0
1985-04-30,0.707,1.1142,0.0
1985-05-31,0.7108,1.1057,0.1625
1985-06-30,0.7209,1.092,0.1637
1985-07-31,0.7219,1.0886,0.1645
1985-08-31,0.7231,1.0789,0.1674
1985-09-30,0.754,1.0662,0.484
1985-10-31,0.4613,1.0346,0.5775
1985-11-30,0.6782,1.1142,0.5118
1985-12-31,0.6681,1.1172,0.3458
1986-01-31,0.6642,1.0918,0.3654
1986-02-28,0.628,1.0274,0.5181
1986-03-31,0.6132,1.0311,0.5292
1986-04-30,0.6036,0.9395,0.6303
1986-05-31,0.6216,0.9172,0.6346
1986-06-30,0.6252,0.9022,0.646
1986-07-31,0.6152,0.9044,0.6538
1986-08-31,0.3962,0.9237,0.6555
1986-09-30,0.5839,0.9707,0.6189
1986-10-31,0.1908,1.013,0.588
1986-11-30,0.5661,1.0098,0.5976
1986-12-31,0.5684,1.0206,0.5844
1987-01-31,0.5627,1.0271,0.3891
1987-02-28,0.5233,1.0515,0.6009
1987-03-31,0.5307,1.041,0.4027
1987-04-30,0.5232,1.0567,0.5959
1987-05-31,0.5473,0.0,0.6091
1987-06-30,0.5665,0.0,0.5969
1987-07-31,0.5642,0.0,0.594
1987-08-31,0.557,0.0,0.6221
1987-09-30,0.5798,0.0,0.6116
1987-10-31,0.5868,0.0,0.6315
1987-11-30,0.0,0.0,0.6801
1987-12-31,0.0,0.6918,0.6887
1988-01-31,0.0,0.6818,0.7147
1988-02-29,0.0,1.1182,0.8143
1988-03-31,0.1668,1.1383,0.0
1988-04-30,0.1646,1.1381,0.0
1988-05-31,0.1647,1.1303,0.0
1988-06-30,0.1642,0.7505,0.0
1988-07-31,0.483,1.1482,0.0
1988-08-31,0.4853,0.7689,0.0
1988-09-30,0.3218,0.7672,0.0
1988-10-31,0.4887,1.1522,0.0
1988-11-30,0.4909,1.1526,0.0
1988-12-31,0.491,1.1601,0.0
1989-01-31,0.4875,1.173,0.0
1989-02-28,0.4647,1.1351,0.0
1989-03-31,0.4641,1.1526,0.0
1989-04-30,0.4409,1.2163,0.0
1989-05-31,0.4313,1.237,0.0
1989-06-30,0.4337,1.2433,0.0
1989-07-31,0.4451,1.2141,0.0
1989-08-31,0.437,1.2322,0.0
1989-09-30,0.4334,1.2073,0.0
1989-10-31,0.4226,1.1451,0.0
1989-11-30,0.4243,1.1414,0.0
1989-12-31,0.4285,1.1545,0.7765
1990-01-31,0.4325,1.1609,0.7662
1990-02-28,0.1525,1.1573,0.7979
1990-03-31,0.1533,0.7691,0.7992
1990-04-30,0.4667,0.7795,0.5179
1990-05-31,0.0,0.4011,0.0
1990-06-30,0.409,0.4092,0.0
1990-07-31,0.4154,1.231,0.0
1990-08-31,0.4207,1.2375,0.0
1990-09-30,0.0,1.2887,0.7037
1990-10-31,0.0,1.3366,0.6756
1990-11-30,0.0,1.2694,0.2143
1990-12-31,0.0,1.2985,0.4094
1991-01-31,0.5139,1.2731,0.0
1991-02-28,0.5762,1.459,0.4656
1991-03-31,0.5514,1.4788,0.0
1991-04-30,0.5616,1.4653,0.0
1991-05-31,0.55,1.4862,0.0
1991-06-30,0.5355,1.5154,0.0
1991-07-31,0.532,1.5194,0.2274
1991-08-31,0.5258,1.5237,0.2281
1991-09-30,0.5415,1.5072,0.0
1991-10-31,0.5376,1.5044,0.0
1991-11-30,0.5388,1.5115,0.0
1991-12-31,0.1755,1.5168,0.2302
1992-01-31,0.4992,1.5296,0.4699
1992-02-29,0.5167,1.554,0.0
1992-03-31,0.5299,1.516,0.0
1992-04-30,0.53,1.0115,0.0
1992-05-31,0.5328,1.5178,0.0
1992-06-30,0.5269,1.5251,0.0
1992-07-31,0.5,1.5893,0.0
1992-08-31,0.53,1.5578,0.7059
1992-09-30,0.53,1.554,0.2365
1992-10-31,0.5303,1.5541,0.2364
1992-11-30,0.5371,1.5416,0.2383
1992-12-31,0.5331,1.4874,0.0
1993-01-31,0.5292,1.4724,0.0
1993-02-28,0.5778,1.5993,0.0
1993-03-31,0.576,1.5964,0.0
1993-04-30,0.5698,1.5695,0.0
1993-05-31,0.5621,1.5799,0.8567
1993-06-30,0.612,1.596,0.7907
1993-07-31,0.6025,1.5907,0.8055
1993-08-31,0.6076,1.604,0.7871
1993-09-30,0.629,1.5438,0.8259
1993-10-31,0.6667,1.5554,0.5177
1993-11-30,0.6701,1.5565,0.5148
1993-12-31,0.7125,1.4976,0.7886
1994-01-31,0.711,1.0059,0.7789
1994-02-28,0.715,1.5051,0.7799
1994-03-31,0.7282,0.9738,0.8111
1994-04-30,0.0,0.0,0.8489
1994-05-31,0.0,0.0,0.292
1994-06-30,0.2584,0.0,0.5844
1994-07-31,0.0,0.0,0.8723
1994-08-31,0.8005,0.0,0.8728
1994-09-30,0.7787,0.4482,0.2922
1994-10-31,0.7746,0.0,0.8732
1994-11-30,0.7727,0.0,0.8874
1994-12-31,0.0,0.0,0.0
1995-01-31,0.6085,0.4234,0.0
1995-02-28,0.8898,0.8316,0.0
1995-03-31,0.8747,1.2542,0.0
1995-04-30,0.8788,1.2381,0.2771
1995-05-31,0.881,1.2356,0.8317
1995-06-30,0.8838,1.2169,0.8477
1995-07-31,0.9058,1.1831,0.8594
1995-08-31,0.8972,1.1929,0.8582
1995-09-30,0.9067,1.1776,0.288
1995-10-31,0.8961,1.1778,0.0
1995-11-30,0.8924,1.1809,0.0
1995-12-31,0.8704,1.1922,0.8857
1996-01-31,0.8727,1.1869,0.8887
1996-02-29,0.8796,1.2169,0.9035
1996-03-31,0.8731,1.2294,0.8975
1996-04-30,0.8914,0.8072,0.8978
1996-05-31,0.9126,0.0,0.6036
1996-06-30,0.8783,0.0,0.6645
1996-07-31,0.8825,0.0,0.0
1996-08-31,0.5391,0.0,0.0
1996-09-30,0.5386,0.7243,0.0
1996-10-31,0.7206,0.3413,0.0
1996-11-30,0.7127,0.9949,0.0
1996-12-31,0.6691,0.9918,0.0
1997-01-31,0.654,0.9958,0.0
1997-02-28,0.6655,1.0292,0.0
1997-03-31,0.6885,1.0317,0.0
1997-04-30,0.6799,0.7117,0.0
1997-05-31,0.6539,0.7414,0.0
1997-06-30,0.6346,1.1176,0.0
1997-07-31,0.6448,1.0992,0.0
1997-08-31,0.6514,1.1616,0.0
1997-09-30,0.6163,1.1757,0.0
1997-10-31,0.6051,1.1473,0.0
1997-11-30,0.5899,1.1696,0.0
1997-12-31,0.6415,1.2304,0.0
1998-01-31,0.665,1.2747,0.0
1998-02-28,0.6486,1.2281,0.0
1998-03-31,0.6414,1.2629,0.0
1998-04-30,0.6323,1.2655,0.0
1998-05-31,0.6402,1.2861,0.328
1998-06-30,0.6199,1.3306,0.32
1998-07-31,0.601,1.375,0.0
1998-08-31,0.5932,1.385,0.0
1998-09-30,0.0,1.4677,0.0
1998-10-31,0.0,1.4285,0.0
1998-11-30,0.4994,1.4362,0.9748
1998-12-31,0.5068,1.406,0.6651
1999-01-31,0.4996,1.4103,0.3335
1999-02-28,0.5086,1.4302,0.0
1999-03-31,0.504,0.9405,0.0
1999-04-30,0.4914,0.4811,0.0
1999-05-31,0.4858,0.9734,0.0
1999-06-30,0.4894,0.0,0.0
1999-07-31,0.5049,0.0,0.0
1999-08-31,0.51,0.0,0.0
1999-09-30,0.3373,0.0,0.0
1999-10-31,0.1698,0.0,0.0
1999-11-30,0.5768,0.0,0.7182
1999-12-31,0.5782,0.5772,0.6901
2000-01-31,0.5859,0.0,0.6937
2000-02-29,0.5816,0.0,0.7079
2000-03-31,0.388,0.0,0.6922
2000-04-30,0.5784,1.7345,0.4581
2000-05-31,0.5773,1.7314,0.2304
2000-06-30,0.3975,1.6943,0.0
2000-07-31,0.606,1.6871,0.4713
2000-08-31,0.4047,1.6869,0.0
2000-09-30,0.6171,1.6769,0.0
2000-10-31,0.2017,1.6863,0.0
2000-11-30,0.0,1.6892,0.0
2000-12-31,0.0,1.6973,0.0
2001-01-31,0.0,1.6458,0.0
2001-02-28,0.0,1.6609,0.0
2001-03-31,0.0,1.6704,0.0
2001-04-30,0.0,1.6686,0.0
2001-05-31,0.0,1.6565,0.0
2001-06-30,0.0,1.0996,0.7856
2001-07-31,0.0,1.6486,0.7866
2001-08-31,0.0,1.6485,0.7865
2001-09-30,0.0,1.6073,0.7815
2001-10-31,0.0,1.6615,0.7545
2001-11-30,0.0,1.6585,0.7465
2001-12-31,0.1931,1.685,0.7356
2002-01-31,0.202,1.0953,0.5007
2002-02-28,0.2032,1.0945,0.7487
2002-03-31,0.2029,1.6622,0.7291
2002-04-30,0.4122,0.5481,0.7374
2002-05-31,0.0,0.5497,0.7358
2002-06-30,0.0,1.6752,0.7202
2002-07-31,0.0,1.6847,0.7266
2002-08-31,0.0,1.6828,0.7353
2002-09-30,0.0,1.665,0.7449
2002-10-31,0.0,1.6573,0.7655
2002-11-30,0.0,1.4983,0.992
2002-12-31,0.1636,1.4607,1.0484
2003-01-31,0.0,1.4729,1.0368
2003-02-28,0.0,1.5512,0.9512
2003-03-31,0.0,1.5274,0.9826
2003-04-30,0.0,1.5231,0.9626
2003-05-31,0.4992,1.5438,0.319
2003-06-30,0.4962,1.6222,0.8815
2003-07-31,0.4914,1.6233,0.8853
2003-08-31,0.5329,1.0027,0.963
2003-09-30,0.5561,0.0,0.9953
2003-10-31,0.5677,0.0,0.9761
2003-11-30,0.558,0.0,0.985
2003-12-31,0.5683,0.0,0.984
2004-01-31,0.5524,0.4973,0.9558
2004-02-29,0.5534,1.4798,0.9668
2004-03-31,0.5769,1.4711,0.9519
2004-04-30,0.5864,1.463,0.9507
2004-05-31,0.415,0.4703,0.6444
2004-06-30,0.6341,0.0,0.0
2004-07-31,0.6337,0.0,0.3173
2004-08-31,0.4216,0.9381,0.6403
2004-09-30,0.2143,1.4035,0.9536
2004-10-31,0.6637,1.3875,0.9489
2004-11-30,0.6641,1.3944,0.9415
2004-12-31,0.6787,1.3827,0.9386
2005-01-31,0.6624,1.4145,0.9231
2005-02-28,0.6685,1.4333,0.8982
2005-03-31,0.6648,1.4268,0.6056
2005-04-30,0.665,0.4759,0.9072
2005-05-31,0.4536,1.4171,0.6017
2005-06-30,0.6797,1.4133,0.3023
2005-07-31,0.7067,1.4002,0.893
2005-08-31,0.7394,1.3793,0.0
2005-09-30,0.726,1.4069,0.8671
2005-10-31,0.8068,1.3823,0.8108
2005-11-30,0.5641,0.4502,0.8032
2005-12-31,0.8606,0.0,0.7972
2006-01-31,0.9185,0.881,0.76
2006-02-28,0.9359,1.313,0.7512
2006-03-31,0.9435,0.4364,0.7474
2006-04-30,0.9323,0.0,0.7786
2006-05-31,1.0306,0.0,0.7224
2006-06-30,0.6827,0.0,0.685
2006-07-31,0.7017,0.0,0.5878
2006-08-31,0.6614,0.0,0.5468
2006-09-30,0.9623,1.5081,0.5296
2006-10-31,0.9675,1.5167,0.3439
2006-11-30,0.9966,1.4978,0.1685
2006-12-31,1.0026,1.4989,0.4985
2007-01-31,1.0381,1.47,0.4919
2007-02-28,1.0437,1.4635,0.4928
2007-03-31,1.0272,1.4773,0.4955
2007-04-30,1.0285,1.4849,0.4865
2007-05-31,0.9552,1.5856,0.4593
2007-06-30,0.9027,1.6461,0.4512
2007-07-31,0.927,0.0,0.3114
2007-08-31,0.6101,0.5416,0.4601
2007-09-30,0.9343,1.5971,0.4686
2007-10-31,0.9221,1.6145,0.4633
2007-11-30,0.9231,1.6176,0.4592
2007-12-31,0.6284,1.58,0.4774
2008-01-31,0.0,1.5787,0.4758
2008-02-29,0.0,1.5871,0.493
2008-03-31,0.0,1.5946,0.4966
2008-04-30,0.0,1.6189,0.4841
2008-05-31,0.0,1.6314,0.4764
2008-06-30,0.3014,1.0804,0.3167
2008-07-31,0.0,1.1199,0.3326
2008-08-31,0.0,1.1203,0.4935
2008-09-30,0.0,1.7037,0.0
2008-10-31,0.0,1.7562,0.0
2008-11-30,0.0,1.8849,0.0
2008-12-31,0.0,1.8803,0.0
2009-01-31,0.0,1.5998,0.0
2009-02-28,0.0,1.6038,0.4214
2009-03-31,0.0,1.616,0.6363
2009-04-30,0.0,1.6424,0.6387
2009-05-31,0.2264,1.1115,0.6534
2009-06-30,0.2254,0.5455,0.6872
2009-07-31,0.4513,0.0,0.753
2009-08-31,0.6608,0.0,0.7654
2009-09-30,0.6569,0.0,0.7651
2009-10-31,0.6524,0.523,0.7785
2009-11-30,0.6542,0.5222,0.7792
2009-12-31,0.6466,1.0505,0.7776
2010-01-31,0.649,0.0,0.7818
2010-02-28,0.6474,0.0,0.7783
2010-03-31,0.6452,0.5252,0.7792
2010-04-30,0.6353,0.5268,0.7842
2010-05-31,0.6391,0.0,0.7836
2010-06-30,0.4261,1.5627,0.7981
2010-07-31,0.0,1.5749,0.7969
2010-08-31,0.415,1.5858,0.7918
2010-09-30,0.0,1.5873,0.7933
2010-10-31,0.6039,1.5914,0.8046
2010-11-30,0.6011,1.5924,0.8065
2010-12-31,0.599,1.5872,0.8138
2011-01-31,0.608,0.5167,0.8419
2011-02-28,0.5993,0.0,0.8647
2011-03-31,0.6002,0.0,0.8702
2011-04-30,0.5981,0.0,0.8727
2011-05-31,0.5927,0.0,0.8924
2011-06-30,0.5922,1.5053,0.9025
2011-07-31,0.402,1.5007,0.8963
2011-08-31,0.3998,1.4954,0.9049
2011-09-30,0.0,1.4194,0.9753
2011-10-31,0.0,1.4051,0.9813
2011-11-30,0.0,1.3958,0.9413
2011-12-31,0.2214,1.3671,0.9688
2012-01-31,0.2003,1.5538,0.5635
2012-02-29,0.6182,1.5396,0.5615
2012-03-31,0.6406,1.5167,0.8427
2012-04-30,0.6613,1.004,0.5551
2012-05-31,0.6785,1.486,0.0
2012-06-30,0.4408,1.5227,0.0
2012-07-31,0.6413,1.5647,0.0
2012-08-31,0.6527,1.5563,0.0
2012-09-30,0.6589,1.5455,0.2652
2012-10-31,0.6626,1.5538,0.7835
2012-11-30,0.6623,1.0328,0.7885
2012-12-31,0.6651,1.5274,0.8076
2013-01-31,0.6642,1.0262,0.531
2013-02-28,0.6323,0.0,0.5052
2013-03-31,0.6359,0.0,0.0
2013-04-30,0.6439,0.0,0.0
2013-05-31,0.652,1.4614,0.0
2013-06-30,0.6797,0.0,0.0
2013-07-31,0.7149,0.0,0.0
2013-08-31,0.7298,0.0,0.0
2013-09-30,0.7341,0.0,0.0
2013-10-31,0.7627,0.0,0.0
2013-11-30,0.7588,0.0,0.0
2013-12-31,0.7553,0.0,0.0
2014-01-31,0.7471,0.0,0.0
2014-02-28,0.7753,0.0,0.0
2014-03-31,0.7719,1.0361,0.2242
2014-04-30,0.769,1.0387,0.6718
2014-05-31,0.7686,1.5543,0.4506
2014-06-30,0.7624,1.5655,0.2236
2014-07-31,0.7641,1.5674,0.0
2014-08-31,0.7667,1.5642,0.6679
2014-09-30,0.6845,1.6524,0.4413
2014-10-31,0.7105,1.6685,0.0
2014-11-30,0.7986,1.5816,0.0
2014-12-31,0.792,1.5814,0.0
2015-01-31,0.7895,1.5711,0.0
2015-02-28,0.5407,1.5388,0.2167
2015-03-31,0.794,1.5239,0.2274
2015-04-30,0.7799,1.5435,0.0
2015-05-31,0.7845,1.5455,0.0
2015-06-30,0.8526,0.9952,0.0
2015-07-31,0.5602,0.0,0.0
2015-08-31,0.8407,0.0,0.0
2015-09-30,0.0,1.5528,0.0
2015-10-31,0.0,1.526,0.0
2015-11-30,0.7119,1.559,0.243
2015-12-31,0.7229,0.522,0.0
2016-01-31,0.7149,1.5717,0.0
2016-02-29,0.0,1.5928,0.0
2016-03-31,0.0,1.6026,0.6583
2016-04-30,0.7261,1.6174,0.6566
2016-05-31,0.713,1.6157,0.6713
2016-06-30,0.704,1.6202,0.6758
2016-07-31,0.676,1.6615,0.6625
2016-08-31,0.6649,1.6963,0.6388
2016-09-30,0.6646,1.689,0.6464
2016-10-31,0.6685,1.6856,0.6458
2016-11-30,0.4519,1.125,0.4231
2016-12-31,0.7121,0.0,0.0
2017-01-31,0.7396,0.0,0.0
2017-02-28,0.7565,0.0,0.0
2017-03-31,0.7542,0.0,0.0
2017-04-30,0.7528,0.0,0.2251
2017-05-31,0.7595,0.5203,0.6797
2017-06-30,0.7573,0.5229,0.2246
2017-07-31,0.7606,1.5648,0.6746
2017-08-31,0.7663,1.0365,0.2263
2017-09-30,0.7773,1.5552,0.6675
2017-10-31,0.7745,1.5507,0.6748
2017-11-30,0.7702,1.0425,0.666
2017-12-31,0.7651,1.0383,0.6775
2018-01-31,0.7632,1.041,0.2251
2018-02-28,0.7388,0.0,0.6502
2018-03-31,0.7495,0.0,0.6648
2018-04-30,0.4929,0.0,0.679
2018-05-31,0.4902,0.0,0.677
2018-06-30,0.7227,0.0,0.2204
2018-07-31,0.7278,0.0,0.0
2018-08-31,0.7202,0.5386,0.0
2018-09-30,0.7625,0.5332,0.0
2018-10-31,0.7805,0.0,0.0
2018-11-30,0.0,0.0,0.0
2018-12-31,0.499,0.0,0.0
2019-01-31,0.0,1.5951,0.2376
2019-02-28,0.0,1.6099,0.7093
2019-03-31,0.6327,1.6134,0.7539
2019-04-30,0.6539,1.5861,0.7599
2019-05-31,0.6469,1.5945,0.7586
2019-06-30,0.2045,1.6071,0.5195
2019-07-31,0.6213,1.6044,0.7743
2019-08-31,0.6183,1.6072,0.7745
2019-09-30,0.6615,1.5524,0.7861
2019-10-31,0.6613,1.5511,0.7876
2019-11-30,0.6555,1.5399,0.8046
2019-12-31,0.6282,1.5964,0.7754
2020-01-31,0.5838,1.077,0.8007
2020-02-29,0.59,1.63,0.7801
2020-03-31,0.0,1.6205,0.8153
2020-04-30,0.0,1.5115,0.9327
2020-05-31,0.0,1.5542,0.9254
2020-06-30,0.5152,1.5506,0.9341
2020-07-31,0.5164,1.547,0.9366
2020-08-31,0.5144,1.5807,0.905
2020-09-30,0.5129,1.6032,0.8838
2020-10-31,0.511,1.6131,0.8759
2020-11-30,0.5053,1.0741,0.8835
2020-12-31,0.4894,0.5413,0.5912
2021-01-31,0.4879,0.0,0.595
2021-02-28,0.4864,0.0,0.6066
2021-03-31,0.4902,0.0,0.0
2021-04-30,0.5175,0.0,0.0
2021-05-31,0.5154,0.0,0.0
2021-06-30,0.515,0.0,0.5824
2021-07-31,0.5146,0.0,0.2924
2021-08-31,0.5151,0.5301,0.2983
2021-09-30,0.5126,1.0551,0.0
2021-10-31,0.3367,1.0585,0.0
2021-11-30,0.5183,0.0,0.0
2021-12-31,0.5173,0.0,0.9089
2022-01-31,0.5373,1.0535,0.0
2022-02-28,0.362,0.0,0.9062
2022-03-31,0.1808,0.0,0.914
2022-04-30,0.3645,0.0,0.9117
2022-05-31,0.0,0.0,0.9747
2022-06-30,0.0,0.0,0.6263
2022-07-31,0.0,0.0,0.3173
2022-08-31,0.0,0.0,0.0
2022-09-30,0.0,0.0,0.0
2022-10-31,0.0,0.0,0.0
2022-11-30,0.0,0.0,0.0
2022-12-31,0.3519,0.0,0.0
2023-01-31,0.0,0.0,0.6518
2023-02-28,0.5261,0.4982,0.9793
2023-03-31,0.3553,0.5021,0.9608
2023-04-30,0.5282,0.5331,0.8725
2023-05-31,0.5532,1.5768,0.87
2023-06-30,0.5555,1.5749,0.8696
2023-07-31,0.5512,0.5275,0.8662
2023-08-31,0.543,0.0,0.8931
2023-09-30,0.5413,0.0,0.6209
2023-10-31,0.3584,0.0,0.3129
2023-11-30,0.1811,0.0,0.3166
2023-12-31,0.5664,0.0,0.9608
2024-01-31,0.5885,1.4148,0.9966
2024-02-29,0.5891,1.4153,0.9956
2024-03-31,0.5807,1.4115,1.0078
2024-04-30,0.579,1.4327,0.9883
2024-05-31,0.5951,0.0,0.9454
2024-06-30,0.5864,0.9648,0.9663
2024-07-31,0.5876,1.4427,0.9697
2024-08-31,0.5844,1.4527,0.9628
2024-09-30,0.5975,1.4191,0.9835
2024-10-31,0.6102,1.4116,0.9781
2024-11-30,0.6259,1.4048,0.9693
2024-12-31,0.6223,0.9388,0.9695
2025-01-31,0.6199,0.9379,0.9733
2025-02-28,0.6276,0.0,0.9637
2025-03-31,0.6419,0.4725,0.9405
2025-04-30,0.0,1.4137,0.9558
2025-05-31,0.0,1.4779,0.879
2025-06-30,0.6261,1.4646,0.9094
2025-07-31,0.6476,1.4527,0.8996
2025-08-31,0.649,1.4215,0.9295
2025-09-30,0.6635,1.41,0.9266
2025-10-31,0.6877,1.4455,0.8668
2025-11-30,0.7028,1.5102,0.787
2025-12-31,0.7096,1.5083,0.7821
